{
  "version": 2,
  "name": "gundam-gacha-machine",
  "builds": [
    {
      "src": "*.html",
      "use": "@vercel/static"
    },
    {
      "src": "*.js",
      "use": "@vercel/static"
    },
    {
      "src": "*.css",
      "use": "@vercel/static"
    }
  ],
  "routes": [
    {
      "src": "/(.*)",
      "dest": "/$1"
    }
  ],
  "headers": [
    {
      "source": "/(.*)",
      "headers": [
        {
          "key": "Cache-Control",
          "value": "public, max-age=0, must-revalidate"
        }
      ]
    }
  ]
} 